model_version,test,sex_label,attained_age,predicted_firsttest_score,predicted_retest_score,practice_effect_raw,practice_effect_used_raw
crude_2visit,coding_correct,Women,50,74.87,75.86,0.99,0.99
crude_2visit,coding_correct,Women,51,74.29,75.27,0.98,0.98
crude_2visit,coding_correct,Women,52,73.70,74.67,0.96,0.96
crude_2visit,coding_correct,Women,53,73.10,74.05,0.94,0.94
crude_2visit,coding_correct,Women,54,72.49,73.41,0.92,0.92
crude_2visit,coding_correct,Women,55,71.86,72.75,0.89,0.89
crude_2visit,coding_correct,Women,56,71.23,72.08,0.86,0.86
crude_2visit,coding_correct,Women,57,70.58,71.40,0.82,0.82
crude_2visit,coding_correct,Women,58,69.92,70.69,0.78,0.78
crude_2visit,coding_correct,Women,59,69.24,69.97,0.73,0.73
crude_2visit,coding_correct,Women,60,68.56,69.24,0.68,0.68
crude_2visit,coding_correct,Women,61,67.86,68.48,0.62,0.62
crude_2visit,coding_correct,Women,62,67.15,67.72,0.56,0.56
crude_2visit,coding_correct,Women,63,66.43,66.93,0.50,0.50
crude_2visit,coding_correct,Women,64,65.70,66.13,0.43,0.43
crude_2visit,coding_correct,Women,65,64.95,65.31,0.36,0.36
crude_2visit,coding_correct,Women,66,64.20,64.48,0.28,0.28
crude_2visit,coding_correct,Women,67,63.43,63.63,0.20,0.20
crude_2visit,coding_correct,Women,68,62.65,62.76,0.11,0.11
crude_2visit,coding_correct,Women,69,61.85,61.88,0.02,0.02
crude_2visit,coding_correct,Women,70,61.05,60.98,-0.07,0.00
crude_2visit,coding_correct,Women,71,60.23,60.06,-0.17,0.00
crude_2visit,coding_correct,Women,72,59.40,59.13,-0.27,0.00
crude_2visit,coding_correct,Women,73,58.56,58.18,-0.38,0.00
crude_2visit,coding_correct,Women,74,57.71,57.21,-0.49,0.00
crude_2visit,coding_correct,Women,75,56.84,56.23,-0.61,0.00
crude_2visit,coding_correct,Women,76,55.97,55.23,-0.73,0.00
crude_2visit,coding_correct,Women,77,55.08,54.22,-0.86,0.00
crude_2visit,coding_correct,Women,78,54.18,53.19,-0.99,0.00
crude_2visit,coding_correct,Women,79,53.26,52.14,-1.12,0.00
crude_2visit,coding_correct,Women,80,52.34,51.08,-1.26,0.00
crude_2visit,coding_correct,Women,81,51.40,50.00,-1.40,0.00
crude_2visit,coding_correct,Women,82,50.45,48.90,-1.55,0.00
crude_2visit,coding_correct,Women,83,49.49,47.79,-1.70,0.00
crude_2visit,coding_correct,Women,84,48.52,46.66,-1.86,0.00
crude_2visit,coding_correct,Women,85,47.53,45.52,-2.02,0.00
crude_2visit,coding_correct,Women,86,46.54,44.35,-2.18,0.00
crude_2visit,coding_correct,Women,87,45.53,43.18,-2.35,0.00
crude_2visit,coding_correct,Women,88,44.51,41.98,-2.53,0.00
crude_2visit,coding_correct,Women,89,43.48,40.77,-2.70,0.00
crude_2visit,coding_correct,Women,90,42.43,39.54,-2.89,0.00
crude_2visit,coding_correct,Women,91,41.37,38.30,-3.07,0.00
crude_2visit,coding_correct,Women,92,40.31,37.04,-3.26,0.00
crude_2visit,coding_correct,Women,93,39.22,35.77,-3.46,0.00
crude_2visit,coding_correct,Women,94,38.13,34.47,-3.66,0.00
crude_2visit,coding_correct,Women,95,37.03,33.16,-3.86,0.00
crude_2visit,coding_correct,Men,50,68.11,69.91,1.80,1.80
crude_2visit,coding_correct,Men,51,67.53,69.31,1.78,1.78
crude_2visit,coding_correct,Men,52,66.95,68.71,1.76,1.76
crude_2visit,coding_correct,Men,53,66.35,68.08,1.73,1.73
crude_2visit,coding_correct,Men,54,65.75,67.45,1.70,1.70
crude_2visit,coding_correct,Men,55,65.13,66.79,1.66,1.66
crude_2visit,coding_correct,Men,56,64.50,66.12,1.62,1.62
crude_2visit,coding_correct,Men,57,63.86,65.44,1.58,1.58
crude_2visit,coding_correct,Men,58,63.21,64.75,1.53,1.53
crude_2visit,coding_correct,Men,59,62.55,64.03,1.48,1.48
crude_2visit,coding_correct,Men,60,61.88,63.31,1.42,1.42
crude_2visit,coding_correct,Men,61,61.20,62.56,1.36,1.36
crude_2visit,coding_correct,Men,62,60.51,61.81,1.29,1.29
crude_2visit,coding_correct,Men,63,59.81,61.04,1.22,1.22
crude_2visit,coding_correct,Men,64,59.10,60.25,1.15,1.15
crude_2visit,coding_correct,Men,65,58.37,59.45,1.07,1.07
crude_2visit,coding_correct,Men,66,57.64,58.63,0.99,0.99
crude_2visit,coding_correct,Men,67,56.90,57.80,0.90,0.90
crude_2visit,coding_correct,Men,68,56.14,56.95,0.81,0.81
crude_2visit,coding_correct,Men,69,55.38,56.09,0.72,0.72
crude_2visit,coding_correct,Men,70,54.60,55.22,0.62,0.62
crude_2visit,coding_correct,Men,71,53.81,54.33,0.51,0.51
crude_2visit,coding_correct,Men,72,53.01,53.42,0.41,0.41
crude_2visit,coding_correct,Men,73,52.20,52.50,0.29,0.29
crude_2visit,coding_correct,Men,74,51.39,51.56,0.18,0.18
crude_2visit,coding_correct,Men,75,50.56,50.61,0.06,0.06
crude_2visit,coding_correct,Men,76,49.72,49.65,-0.07,0.00
crude_2visit,coding_correct,Men,77,48.86,48.67,-0.20,0.00
crude_2visit,coding_correct,Men,78,48.00,47.67,-0.33,0.00
crude_2visit,coding_correct,Men,79,47.13,46.66,-0.47,0.00
crude_2visit,coding_correct,Men,80,46.25,45.64,-0.61,0.00
crude_2visit,coding_correct,Men,81,45.35,44.60,-0.75,0.00
crude_2visit,coding_correct,Men,82,44.45,43.54,-0.90,0.00
crude_2visit,coding_correct,Men,83,43.53,42.47,-1.06,0.00
crude_2visit,coding_correct,Men,84,42.61,41.39,-1.22,0.00
crude_2visit,coding_correct,Men,85,41.67,40.29,-1.38,0.00
crude_2visit,coding_correct,Men,86,40.72,39.18,-1.55,0.00
crude_2visit,coding_correct,Men,87,39.77,38.05,-1.72,0.00
crude_2visit,coding_correct,Men,88,38.80,36.90,-1.89,0.00
crude_2visit,coding_correct,Men,89,37.82,35.75,-2.07,0.00
crude_2visit,coding_correct,Men,90,36.83,34.57,-2.26,0.00
crude_2visit,coding_correct,Men,91,35.83,33.38,-2.45,0.00
crude_2visit,coding_correct,Men,92,34.82,32.18,-2.64,0.00
crude_2visit,coding_correct,Men,93,33.80,30.96,-2.84,0.00
crude_2visit,coding_correct,Men,94,32.76,29.73,-3.04,0.00
crude_2visit,coding_correct,Men,95,31.72,28.48,-3.24,0.00
crude_2visit,dsb,Women,50,5.17,5.24,0.07,0.07
crude_2visit,dsb,Women,51,5.16,5.22,0.06,0.06
crude_2visit,dsb,Women,52,5.15,5.20,0.05,0.05
crude_2visit,dsb,Women,53,5.14,5.17,0.04,0.04
crude_2visit,dsb,Women,54,5.12,5.15,0.03,0.03
crude_2visit,dsb,Women,55,5.11,5.13,0.02,0.02
crude_2visit,dsb,Women,56,5.09,5.10,0.01,0.01
crude_2visit,dsb,Women,57,5.08,5.08,0.00,0.00
crude_2visit,dsb,Women,58,5.06,5.05,-0.01,0.00
crude_2visit,dsb,Women,59,5.04,5.03,-0.02,0.00
crude_2visit,dsb,Women,60,5.03,5.00,-0.02,0.00
crude_2visit,dsb,Women,61,5.01,4.97,-0.03,0.00
crude_2visit,dsb,Women,62,4.99,4.95,-0.04,0.00
crude_2visit,dsb,Women,63,4.97,4.92,-0.05,0.00
crude_2visit,dsb,Women,64,4.94,4.89,-0.05,0.00
crude_2visit,dsb,Women,65,4.92,4.86,-0.06,0.00
crude_2visit,dsb,Women,66,4.90,4.83,-0.07,0.00
crude_2visit,dsb,Women,67,4.87,4.80,-0.07,0.00
crude_2visit,dsb,Women,68,4.85,4.77,-0.08,0.00
crude_2visit,dsb,Women,69,4.82,4.73,-0.09,0.00
crude_2visit,dsb,Women,70,4.79,4.70,-0.09,0.00
crude_2visit,dsb,Women,71,4.76,4.67,-0.10,0.00
crude_2visit,dsb,Women,72,4.73,4.63,-0.10,0.00
crude_2visit,dsb,Women,73,4.70,4.60,-0.11,0.00
crude_2visit,dsb,Women,74,4.67,4.56,-0.11,0.00
crude_2visit,dsb,Women,75,4.64,4.53,-0.11,0.00
crude_2visit,dsb,Women,76,4.61,4.49,-0.12,0.00
crude_2visit,dsb,Women,77,4.57,4.45,-0.12,0.00
crude_2visit,dsb,Women,78,4.54,4.41,-0.13,0.00
crude_2visit,dsb,Women,79,4.50,4.37,-0.13,0.00
crude_2visit,dsb,Women,80,4.47,4.33,-0.13,0.00
crude_2visit,dsb,Women,81,4.43,4.29,-0.13,0.00
crude_2visit,dsb,Women,82,4.39,4.25,-0.14,0.00
crude_2visit,dsb,Women,83,4.35,4.21,-0.14,0.00
crude_2visit,dsb,Women,84,4.31,4.17,-0.14,0.00
crude_2visit,dsb,Women,85,4.27,4.13,-0.14,0.00
crude_2visit,dsb,Women,86,4.23,4.08,-0.14,0.00
crude_2visit,dsb,Women,87,4.18,4.04,-0.15,0.00
crude_2visit,dsb,Women,88,4.14,3.99,-0.15,0.00
crude_2visit,dsb,Women,89,4.09,3.95,-0.15,0.00
crude_2visit,dsb,Women,90,4.05,3.90,-0.15,0.00
crude_2visit,dsb,Women,91,4.00,3.85,-0.15,0.00
crude_2visit,dsb,Women,92,3.95,3.81,-0.15,0.00
crude_2visit,dsb,Women,93,3.90,3.76,-0.15,0.00
crude_2visit,dsb,Women,94,3.85,3.71,-0.15,0.00
crude_2visit,dsb,Women,95,3.80,3.66,-0.14,0.00
crude_2visit,dsb,Men,50,5.17,5.30,0.12,0.12
crude_2visit,dsb,Men,51,5.15,5.27,0.12,0.12
crude_2visit,dsb,Men,52,5.13,5.25,0.12,0.12
crude_2visit,dsb,Men,53,5.11,5.23,0.12,0.12
crude_2visit,dsb,Men,54,5.09,5.20,0.11,0.11
crude_2visit,dsb,Men,55,5.07,5.18,0.11,0.11
crude_2visit,dsb,Men,56,5.04,5.15,0.10,0.10
crude_2visit,dsb,Men,57,5.02,5.12,0.10,0.10
crude_2visit,dsb,Men,58,5.00,5.09,0.10,0.10
crude_2visit,dsb,Men,59,4.97,5.06,0.09,0.09
crude_2visit,dsb,Men,60,4.95,5.03,0.09,0.09
crude_2visit,dsb,Men,61,4.92,5.00,0.08,0.08
crude_2visit,dsb,Men,62,4.90,4.97,0.07,0.07
crude_2visit,dsb,Men,63,4.87,4.94,0.07,0.07
crude_2visit,dsb,Men,64,4.84,4.90,0.06,0.06
crude_2visit,dsb,Men,65,4.81,4.87,0.05,0.05
crude_2visit,dsb,Men,66,4.79,4.83,0.05,0.05
crude_2visit,dsb,Men,67,4.76,4.79,0.04,0.04
crude_2visit,dsb,Men,68,4.73,4.76,0.03,0.03
crude_2visit,dsb,Men,69,4.70,4.72,0.02,0.02
crude_2visit,dsb,Men,70,4.67,4.68,0.01,0.01
crude_2visit,dsb,Men,71,4.64,4.64,0.00,0.00
crude_2visit,dsb,Men,72,4.60,4.60,-0.01,0.00
crude_2visit,dsb,Men,73,4.57,4.56,-0.02,0.00
crude_2visit,dsb,Men,74,4.54,4.51,-0.03,0.00
crude_2visit,dsb,Men,75,4.51,4.47,-0.04,0.00
crude_2visit,dsb,Men,76,4.47,4.42,-0.05,0.00
crude_2visit,dsb,Men,77,4.44,4.38,-0.06,0.00
crude_2visit,dsb,Men,78,4.40,4.33,-0.07,0.00
crude_2visit,dsb,Men,79,4.37,4.28,-0.08,0.00
crude_2visit,dsb,Men,80,4.33,4.23,-0.10,0.00
crude_2visit,dsb,Men,81,4.29,4.18,-0.11,0.00
crude_2visit,dsb,Men,82,4.26,4.13,-0.12,0.00
crude_2visit,dsb,Men,83,4.22,4.08,-0.14,0.00
crude_2visit,dsb,Men,84,4.18,4.03,-0.15,0.00
crude_2visit,dsb,Men,85,4.14,3.98,-0.16,0.00
crude_2visit,dsb,Men,86,4.10,3.92,-0.18,0.00
crude_2visit,dsb,Men,87,4.06,3.87,-0.19,0.00
crude_2visit,dsb,Men,88,4.02,3.81,-0.21,0.00
crude_2visit,dsb,Men,89,3.98,3.76,-0.22,0.00
crude_2visit,dsb,Men,90,3.94,3.70,-0.24,0.00
crude_2visit,dsb,Men,91,3.90,3.64,-0.26,0.00
crude_2visit,dsb,Men,92,3.85,3.58,-0.27,0.00
crude_2visit,dsb,Men,93,3.81,3.52,-0.29,0.00
crude_2visit,dsb,Men,94,3.77,3.46,-0.31,0.00
crude_2visit,dsb,Men,95,3.72,3.40,-0.33,0.00
crude_2visit,dsf,Women,50,6.95,6.95,0.00,0.00
crude_2visit,dsf,Women,51,6.94,6.94,-0.01,0.00
crude_2visit,dsf,Women,52,6.93,6.92,-0.01,0.00
crude_2visit,dsf,Women,53,6.92,6.90,-0.02,0.00
crude_2visit,dsf,Women,54,6.91,6.88,-0.03,0.00
crude_2visit,dsf,Women,55,6.90,6.86,-0.04,0.00
crude_2visit,dsf,Women,56,6.88,6.84,-0.05,0.00
crude_2visit,dsf,Women,57,6.87,6.82,-0.05,0.00
crude_2visit,dsf,Women,58,6.85,6.79,-0.06,0.00
crude_2visit,dsf,Women,59,6.84,6.77,-0.07,0.00
crude_2visit,dsf,Women,60,6.82,6.75,-0.07,0.00
crude_2visit,dsf,Women,61,6.80,6.72,-0.08,0.00
crude_2visit,dsf,Women,62,6.78,6.70,-0.08,0.00
crude_2visit,dsf,Women,63,6.76,6.67,-0.09,0.00
crude_2visit,dsf,Women,64,6.73,6.64,-0.09,0.00
crude_2visit,dsf,Women,65,6.71,6.61,-0.09,0.00
crude_2visit,dsf,Women,66,6.68,6.59,-0.10,0.00
crude_2visit,dsf,Women,67,6.66,6.56,-0.10,0.00
crude_2visit,dsf,Women,68,6.63,6.53,-0.10,0.00
crude_2visit,dsf,Women,69,6.60,6.50,-0.10,0.00
crude_2visit,dsf,Women,70,6.57,6.46,-0.11,0.00
crude_2visit,dsf,Women,71,6.54,6.43,-0.11,0.00
crude_2visit,dsf,Women,72,6.51,6.40,-0.11,0.00
crude_2visit,dsf,Women,73,6.47,6.36,-0.11,0.00
crude_2visit,dsf,Women,74,6.44,6.33,-0.11,0.00
crude_2visit,dsf,Women,75,6.40,6.29,-0.11,0.00
crude_2visit,dsf,Women,76,6.37,6.26,-0.11,0.00
crude_2visit,dsf,Women,77,6.33,6.22,-0.11,0.00
crude_2visit,dsf,Women,78,6.29,6.18,-0.11,0.00
crude_2visit,dsf,Women,79,6.25,6.15,-0.10,0.00
crude_2visit,dsf,Women,80,6.21,6.11,-0.10,0.00
crude_2visit,dsf,Women,81,6.17,6.07,-0.10,0.00
crude_2visit,dsf,Women,82,6.12,6.03,-0.09,0.00
crude_2visit,dsf,Women,83,6.08,5.98,-0.09,0.00
crude_2visit,dsf,Women,84,6.03,5.94,-0.09,0.00
crude_2visit,dsf,Women,85,5.98,5.90,-0.08,0.00
crude_2visit,dsf,Women,86,5.93,5.86,-0.08,0.00
crude_2visit,dsf,Women,87,5.88,5.81,-0.07,0.00
crude_2visit,dsf,Women,88,5.83,5.77,-0.07,0.00
crude_2visit,dsf,Women,89,5.78,5.72,-0.06,0.00
crude_2visit,dsf,Women,90,5.73,5.67,-0.05,0.00
crude_2visit,dsf,Women,91,5.67,5.63,-0.05,0.00
crude_2visit,dsf,Women,92,5.62,5.58,-0.04,0.00
crude_2visit,dsf,Women,93,5.56,5.53,-0.03,0.00
crude_2visit,dsf,Women,94,5.50,5.48,-0.02,0.00
crude_2visit,dsf,Women,95,5.45,5.43,-0.02,0.00
crude_2visit,dsf,Men,50,7.08,7.10,0.02,0.02
crude_2visit,dsf,Men,51,7.07,7.08,0.01,0.01
crude_2visit,dsf,Men,52,7.06,7.05,0.00,0.00
crude_2visit,dsf,Men,53,7.04,7.03,-0.02,0.00
crude_2visit,dsf,Men,54,7.03,7.00,-0.03,0.00
crude_2visit,dsf,Men,55,7.02,6.98,-0.04,0.00
crude_2visit,dsf,Men,56,7.00,6.95,-0.05,0.00
crude_2visit,dsf,Men,57,6.99,6.92,-0.06,0.00
crude_2visit,dsf,Men,58,6.97,6.90,-0.07,0.00
crude_2visit,dsf,Men,59,6.96,6.87,-0.08,0.00
crude_2visit,dsf,Men,60,6.94,6.84,-0.09,0.00
crude_2visit,dsf,Men,61,6.92,6.82,-0.10,0.00
crude_2visit,dsf,Men,62,6.90,6.79,-0.11,0.00
crude_2visit,dsf,Men,63,6.88,6.76,-0.12,0.00
crude_2visit,dsf,Men,64,6.86,6.73,-0.13,0.00
crude_2visit,dsf,Men,65,6.84,6.71,-0.13,0.00
crude_2visit,dsf,Men,66,6.82,6.68,-0.14,0.00
crude_2visit,dsf,Men,67,6.79,6.65,-0.15,0.00
crude_2visit,dsf,Men,68,6.77,6.62,-0.15,0.00
crude_2visit,dsf,Men,69,6.75,6.59,-0.16,0.00
crude_2visit,dsf,Men,70,6.72,6.56,-0.16,0.00
crude_2visit,dsf,Men,71,6.69,6.53,-0.16,0.00
crude_2visit,dsf,Men,72,6.67,6.50,-0.17,0.00
crude_2visit,dsf,Men,73,6.64,6.47,-0.17,0.00
crude_2visit,dsf,Men,74,6.61,6.44,-0.17,0.00
crude_2visit,dsf,Men,75,6.58,6.40,-0.18,0.00
crude_2visit,dsf,Men,76,6.55,6.37,-0.18,0.00
crude_2visit,dsf,Men,77,6.52,6.34,-0.18,0.00
crude_2visit,dsf,Men,78,6.49,6.31,-0.18,0.00
crude_2visit,dsf,Men,79,6.45,6.28,-0.18,0.00
crude_2visit,dsf,Men,80,6.42,6.24,-0.18,0.00
crude_2visit,dsf,Men,81,6.39,6.21,-0.18,0.00
crude_2visit,dsf,Men,82,6.35,6.18,-0.18,0.00
crude_2visit,dsf,Men,83,6.32,6.14,-0.17,0.00
crude_2visit,dsf,Men,84,6.28,6.11,-0.17,0.00
crude_2visit,dsf,Men,85,6.24,6.07,-0.17,0.00
crude_2visit,dsf,Men,86,6.20,6.04,-0.16,0.00
crude_2visit,dsf,Men,87,6.16,6.00,-0.16,0.00
crude_2visit,dsf,Men,88,6.12,5.97,-0.16,0.00
crude_2visit,dsf,Men,89,6.08,5.93,-0.15,0.00
crude_2visit,dsf,Men,90,6.04,5.90,-0.15,0.00
crude_2visit,dsf,Men,91,6.00,5.86,-0.14,0.00
crude_2visit,dsf,Men,92,5.96,5.82,-0.13,0.00
crude_2visit,dsf,Men,93,5.91,5.79,-0.13,0.00
crude_2visit,dsf,Men,94,5.87,5.75,-0.12,0.00
crude_2visit,dsf,Men,95,5.82,5.71,-0.11,0.00
crude_2visit,lmd,Women,50,12.31,12.88,0.57,0.57
crude_2visit,lmd,Women,51,12.22,12.84,0.61,0.61
crude_2visit,lmd,Women,52,12.14,12.79,0.65,0.65
crude_2visit,lmd,Women,53,12.05,12.73,0.69,0.69
crude_2visit,lmd,Women,54,11.95,12.67,0.72,0.72
crude_2visit,lmd,Women,55,11.84,12.60,0.75,0.75
crude_2visit,lmd,Women,56,11.74,12.52,0.78,0.78
crude_2visit,lmd,Women,57,11.62,12.43,0.81,0.81
crude_2visit,lmd,Women,58,11.50,12.33,0.83,0.83
crude_2visit,lmd,Women,59,11.38,12.22,0.84,0.84
crude_2visit,lmd,Women,60,11.25,12.11,0.86,0.86
crude_2visit,lmd,Women,61,11.12,11.99,0.87,0.87
crude_2visit,lmd,Women,62,10.98,11.86,0.88,0.88
crude_2visit,lmd,Women,63,10.83,11.72,0.88,0.88
crude_2visit,lmd,Women,64,10.68,11.57,0.89,0.89
crude_2visit,lmd,Women,65,10.53,11.41,0.88,0.88
crude_2visit,lmd,Women,66,10.36,11.24,0.88,0.88
crude_2visit,lmd,Women,67,10.20,11.07,0.87,0.87
crude_2visit,lmd,Women,68,10.03,10.89,0.86,0.86
crude_2visit,lmd,Women,69,9.85,10.70,0.85,0.85
crude_2visit,lmd,Women,70,9.67,10.50,0.83,0.83
crude_2visit,lmd,Women,71,9.48,10.29,0.81,0.81
crude_2visit,lmd,Women,72,9.29,10.07,0.79,0.79
crude_2visit,lmd,Women,73,9.09,9.85,0.76,0.76
crude_2visit,lmd,Women,74,8.88,9.62,0.73,0.73
crude_2visit,lmd,Women,75,8.67,9.37,0.70,0.70
crude_2visit,lmd,Women,76,8.46,9.12,0.66,0.66
crude_2visit,lmd,Women,77,8.24,8.87,0.62,0.62
crude_2visit,lmd,Women,78,8.02,8.60,0.58,0.58
crude_2visit,lmd,Women,79,7.79,8.32,0.54,0.54
crude_2visit,lmd,Women,80,7.55,8.04,0.49,0.49
crude_2visit,lmd,Women,81,7.31,7.75,0.44,0.44
crude_2visit,lmd,Women,82,7.06,7.45,0.38,0.38
crude_2visit,lmd,Women,83,6.81,7.14,0.32,0.32
crude_2visit,lmd,Women,84,6.56,6.82,0.26,0.26
crude_2visit,lmd,Women,85,6.29,6.49,0.20,0.20
crude_2visit,lmd,Women,86,6.03,6.16,0.13,0.13
crude_2visit,lmd,Women,87,5.75,5.81,0.06,0.06
crude_2visit,lmd,Women,88,5.48,5.46,-0.01,0.00
crude_2visit,lmd,Women,89,5.19,5.10,-0.09,0.00
crude_2visit,lmd,Women,90,4.90,4.73,-0.17,0.00
crude_2visit,lmd,Women,91,4.61,4.36,-0.25,0.00
crude_2visit,lmd,Women,92,4.31,3.97,-0.34,0.00
crude_2visit,lmd,Women,93,4.01,3.58,-0.43,0.00
crude_2visit,lmd,Women,94,3.70,3.17,-0.52,0.00
crude_2visit,lmd,Women,95,3.38,2.76,-0.62,0.00
crude_2visit,lmd,Men,50,11.13,11.48,0.34,0.34
crude_2visit,lmd,Men,51,11.08,11.46,0.39,0.39
crude_2visit,lmd,Men,52,11.01,11.44,0.43,0.43
crude_2visit,lmd,Men,53,10.95,11.41,0.46,0.46
crude_2visit,lmd,Men,54,10.88,11.38,0.50,0.50
crude_2visit,lmd,Men,55,10.80,11.33,0.53,0.53
crude_2visit,lmd,Men,56,10.72,11.28,0.56,0.56
crude_2visit,lmd,Men,57,10.63,11.22,0.59,0.59
crude_2visit,lmd,Men,58,10.53,11.15,0.62,0.62
crude_2visit,lmd,Men,59,10.44,11.07,0.64,0.64
crude_2visit,lmd,Men,60,10.33,10.99,0.66,0.66
crude_2visit,lmd,Men,61,10.22,10.90,0.68,0.68
crude_2visit,lmd,Men,62,10.11,10.80,0.69,0.69
crude_2visit,lmd,Men,63,9.99,10.69,0.71,0.71
crude_2visit,lmd,Men,64,9.86,10.58,0.72,0.72
crude_2visit,lmd,Men,65,9.73,10.46,0.73,0.73
crude_2visit,lmd,Men,66,9.59,10.33,0.73,0.73
crude_2visit,lmd,Men,67,9.45,10.19,0.74,0.74
crude_2visit,lmd,Men,68,9.30,10.04,0.74,0.74
crude_2visit,lmd,Men,69,9.15,9.89,0.74,0.74
crude_2visit,lmd,Men,70,8.99,9.73,0.74,0.74
crude_2visit,lmd,Men,71,8.83,9.56,0.73,0.73
crude_2visit,lmd,Men,72,8.66,9.38,0.72,0.72
crude_2visit,lmd,Men,73,8.49,9.20,0.71,0.71
crude_2visit,lmd,Men,74,8.31,9.01,0.70,0.70
crude_2visit,lmd,Men,75,8.12,8.81,0.68,0.68
crude_2visit,lmd,Men,76,7.93,8.60,0.67,0.67
crude_2visit,lmd,Men,77,7.74,8.38,0.65,0.65
crude_2visit,lmd,Men,78,7.54,8.16,0.62,0.62
crude_2visit,lmd,Men,79,7.33,7.93,0.60,0.60
crude_2visit,lmd,Men,80,7.12,7.69,0.57,0.57
crude_2visit,lmd,Men,81,6.90,7.44,0.54,0.54
crude_2visit,lmd,Men,82,6.68,7.19,0.51,0.51
crude_2visit,lmd,Men,83,6.45,6.93,0.48,0.48
crude_2visit,lmd,Men,84,6.22,6.66,0.44,0.44
crude_2visit,lmd,Men,85,5.98,6.38,0.40,0.40
crude_2visit,lmd,Men,86,5.73,6.09,0.36,0.36
crude_2visit,lmd,Men,87,5.49,5.80,0.31,0.31
crude_2visit,lmd,Men,88,5.23,5.50,0.27,0.27
crude_2visit,lmd,Men,89,4.97,5.19,0.22,0.22
crude_2visit,lmd,Men,90,4.71,4.87,0.17,0.17
crude_2visit,lmd,Men,91,4.43,4.55,0.11,0.11
crude_2visit,lmd,Men,92,4.16,4.22,0.06,0.06
crude_2visit,lmd,Men,93,3.88,3.88,0.00,0.00
crude_2visit,lmd,Men,94,3.59,3.53,-0.06,0.00
crude_2visit,lmd,Men,95,3.30,3.17,-0.12,0.00
crude_2visit,lmi,Women,50,13.21,13.61,0.40,0.40
crude_2visit,lmi,Women,51,13.13,13.58,0.46,0.46
crude_2visit,lmi,Women,52,13.04,13.55,0.50,0.50
crude_2visit,lmi,Women,53,12.96,13.50,0.55,0.55
crude_2visit,lmi,Women,54,12.86,13.45,0.59,0.59
crude_2visit,lmi,Women,55,12.77,13.39,0.63,0.63
crude_2visit,lmi,Women,56,12.67,13.32,0.66,0.66
crude_2visit,lmi,Women,57,12.56,13.25,0.69,0.69
crude_2visit,lmi,Women,58,12.45,13.17,0.71,0.71
crude_2visit,lmi,Women,59,12.34,13.07,0.74,0.74
crude_2visit,lmi,Women,60,12.22,12.97,0.75,0.75
crude_2visit,lmi,Women,61,12.10,12.87,0.77,0.77
crude_2visit,lmi,Women,62,11.97,12.75,0.78,0.78
crude_2visit,lmi,Women,63,11.84,12.63,0.79,0.79
crude_2visit,lmi,Women,64,11.70,12.49,0.79,0.79
crude_2visit,lmi,Women,65,11.56,12.35,0.79,0.79
crude_2visit,lmi,Women,66,11.42,12.20,0.79,0.79
crude_2visit,lmi,Women,67,11.27,12.05,0.78,0.78
crude_2visit,lmi,Women,68,11.12,11.88,0.77,0.77
crude_2visit,lmi,Women,69,10.96,11.71,0.75,0.75
crude_2visit,lmi,Women,70,10.80,11.53,0.73,0.73
crude_2visit,lmi,Women,71,10.63,11.34,0.71,0.71
crude_2visit,lmi,Women,72,10.46,11.15,0.69,0.69
crude_2visit,lmi,Women,73,10.29,10.94,0.66,0.66
crude_2visit,lmi,Women,74,10.11,10.73,0.62,0.62
crude_2visit,lmi,Women,75,9.92,10.51,0.59,0.59
crude_2visit,lmi,Women,76,9.74,10.28,0.54,0.54
crude_2visit,lmi,Women,77,9.54,10.04,0.50,0.50
crude_2visit,lmi,Women,78,9.35,9.80,0.45,0.45
crude_2visit,lmi,Women,79,9.15,9.55,0.40,0.40
crude_2visit,lmi,Women,80,8.94,9.29,0.34,0.34
crude_2visit,lmi,Women,81,8.73,9.02,0.29,0.29
crude_2visit,lmi,Women,82,8.52,8.74,0.22,0.22
crude_2visit,lmi,Women,83,8.30,8.45,0.16,0.16
crude_2visit,lmi,Women,84,8.08,8.16,0.09,0.09
crude_2visit,lmi,Women,85,7.85,7.86,0.01,0.01
crude_2visit,lmi,Women,86,7.62,7.55,-0.07,0.00
crude_2visit,lmi,Women,87,7.38,7.23,-0.15,0.00
crude_2visit,lmi,Women,88,7.14,6.91,-0.23,0.00
crude_2visit,lmi,Women,89,6.90,6.58,-0.32,0.00
crude_2visit,lmi,Women,90,6.65,6.23,-0.41,0.00
crude_2visit,lmi,Women,91,6.39,5.89,-0.51,0.00
crude_2visit,lmi,Women,92,6.14,5.53,-0.61,0.00
crude_2visit,lmi,Women,93,5.87,5.16,-0.71,0.00
crude_2visit,lmi,Women,94,5.61,4.79,-0.82,0.00
crude_2visit,lmi,Women,95,5.34,4.41,-0.93,0.00
crude_2visit,lmi,Men,50,12.07,12.41,0.34,0.34
crude_2visit,lmi,Men,51,12.02,12.40,0.38,0.38
crude_2visit,lmi,Men,52,11.96,12.39,0.43,0.43
crude_2visit,lmi,Men,53,11.90,12.36,0.47,0.47
crude_2visit,lmi,Men,54,11.83,12.33,0.50,0.50
crude_2visit,lmi,Men,55,11.75,12.29,0.54,0.54
crude_2visit,lmi,Men,56,11.67,12.25,0.57,0.57
crude_2visit,lmi,Men,57,11.59,12.19,0.60,0.60
crude_2visit,lmi,Men,58,11.50,12.13,0.63,0.63
crude_2visit,lmi,Men,59,11.41,12.06,0.66,0.66
crude_2visit,lmi,Men,60,11.31,11.98,0.68,0.68
crude_2visit,lmi,Men,61,11.20,11.90,0.70,0.70
crude_2visit,lmi,Men,62,11.09,11.81,0.71,0.71
crude_2visit,lmi,Men,63,10.98,11.71,0.73,0.73
crude_2visit,lmi,Men,64,10.86,11.60,0.74,0.74
crude_2visit,lmi,Men,65,10.73,11.48,0.75,0.75
crude_2visit,lmi,Men,66,10.60,11.36,0.76,0.76
crude_2visit,lmi,Men,67,10.47,11.22,0.76,0.76
crude_2visit,lmi,Men,68,10.32,11.09,0.76,0.76
crude_2visit,lmi,Men,69,10.18,10.94,0.76,0.76
crude_2visit,lmi,Men,70,10.03,10.78,0.76,0.76
crude_2visit,lmi,Men,71,9.87,10.62,0.75,0.75
crude_2visit,lmi,Men,72,9.71,10.45,0.74,0.74
crude_2visit,lmi,Men,73,9.55,10.27,0.73,0.73
crude_2visit,lmi,Men,74,9.37,10.09,0.71,0.71
crude_2visit,lmi,Men,75,9.20,9.89,0.69,0.69
crude_2visit,lmi,Men,76,9.02,9.69,0.67,0.67
crude_2visit,lmi,Men,77,8.83,9.48,0.65,0.65
crude_2visit,lmi,Men,78,8.64,9.26,0.63,0.63
crude_2visit,lmi,Men,79,8.44,9.04,0.60,0.60
crude_2visit,lmi,Men,80,8.24,8.81,0.57,0.57
crude_2visit,lmi,Men,81,8.03,8.57,0.53,0.53
crude_2visit,lmi,Men,82,7.82,8.32,0.50,0.50
crude_2visit,lmi,Men,83,7.60,8.06,0.46,0.46
crude_2visit,lmi,Men,84,7.38,7.80,0.42,0.42
crude_2visit,lmi,Men,85,7.15,7.53,0.37,0.37
crude_2visit,lmi,Men,86,6.92,7.25,0.33,0.33
crude_2visit,lmi,Men,87,6.68,6.96,0.28,0.28
crude_2visit,lmi,Men,88,6.44,6.67,0.23,0.23
crude_2visit,lmi,Men,89,6.19,6.36,0.17,0.17
crude_2visit,lmi,Men,90,5.94,6.05,0.11,0.11
crude_2visit,lmi,Men,91,5.68,5.74,0.05,0.05
crude_2visit,lmi,Men,92,5.42,5.41,-0.01,0.00
crude_2visit,lmi,Men,93,5.15,5.08,-0.07,0.00
crude_2visit,lmi,Men,94,4.88,4.74,-0.14,0.00
crude_2visit,lmi,Men,95,4.60,4.39,-0.21,0.00
crude_2visit,lmr,Women,50,9.81,9.83,0.02,0.02
crude_2visit,lmr,Women,51,9.81,9.83,0.02,0.02
crude_2visit,lmr,Women,52,9.80,9.83,0.03,0.03
crude_2visit,lmr,Women,53,9.80,9.83,0.04,0.04
crude_2visit,lmr,Women,54,9.79,9.83,0.04,0.04
crude_2visit,lmr,Women,55,9.78,9.82,0.05,0.05
crude_2visit,lmr,Women,56,9.76,9.82,0.05,0.05
crude_2visit,lmr,Women,57,9.75,9.81,0.06,0.06
crude_2visit,lmr,Women,58,9.73,9.79,0.06,0.06
crude_2visit,lmr,Women,59,9.71,9.78,0.06,0.06
crude_2visit,lmr,Women,60,9.69,9.76,0.07,0.07
crude_2visit,lmr,Women,61,9.67,9.74,0.07,0.07
crude_2visit,lmr,Women,62,9.65,9.72,0.07,0.07
crude_2visit,lmr,Women,63,9.63,9.70,0.07,0.07
crude_2visit,lmr,Women,64,9.60,9.67,0.07,0.07
crude_2visit,lmr,Women,65,9.57,9.64,0.07,0.07
crude_2visit,lmr,Women,66,9.54,9.61,0.07,0.07
crude_2visit,lmr,Women,67,9.51,9.58,0.07,0.07
crude_2visit,lmr,Women,68,9.48,9.55,0.07,0.07
crude_2visit,lmr,Women,69,9.44,9.51,0.07,0.07
crude_2visit,lmr,Women,70,9.41,9.47,0.07,0.07
crude_2visit,lmr,Women,71,9.37,9.43,0.06,0.06
crude_2visit,lmr,Women,72,9.33,9.39,0.06,0.06
crude_2visit,lmr,Women,73,9.29,9.34,0.05,0.05
crude_2visit,lmr,Women,74,9.24,9.29,0.05,0.05
crude_2visit,lmr,Women,75,9.20,9.24,0.04,0.04
crude_2visit,lmr,Women,76,9.15,9.19,0.04,0.04
crude_2visit,lmr,Women,77,9.10,9.13,0.03,0.03
crude_2visit,lmr,Women,78,9.05,9.08,0.03,0.03
crude_2visit,lmr,Women,79,9.00,9.02,0.02,0.02
crude_2visit,lmr,Women,80,8.95,8.96,0.01,0.01
crude_2visit,lmr,Women,81,8.89,8.89,0.00,0.00
crude_2visit,lmr,Women,82,8.83,8.83,-0.01,0.00
crude_2visit,lmr,Women,83,8.77,8.76,-0.01,0.00
crude_2visit,lmr,Women,84,8.71,8.69,-0.02,0.00
crude_2visit,lmr,Women,85,8.65,8.62,-0.03,0.00
crude_2visit,lmr,Women,86,8.59,8.54,-0.05,0.00
crude_2visit,lmr,Women,87,8.52,8.47,-0.06,0.00
crude_2visit,lmr,Women,88,8.46,8.39,-0.07,0.00
crude_2visit,lmr,Women,89,8.39,8.31,-0.08,0.00
crude_2visit,lmr,Women,90,8.32,8.22,-0.09,0.00
crude_2visit,lmr,Women,91,8.24,8.14,-0.11,0.00
crude_2visit,lmr,Women,92,8.17,8.05,-0.12,0.00
crude_2visit,lmr,Women,93,8.09,7.96,-0.14,0.00
crude_2visit,lmr,Women,94,8.02,7.86,-0.15,0.00
crude_2visit,lmr,Women,95,7.94,7.77,-0.17,0.00
crude_2visit,lmr,Men,50,9.47,9.48,0.01,0.01
crude_2visit,lmr,Men,51,9.47,9.49,0.02,0.02
crude_2visit,lmr,Men,52,9.46,9.50,0.04,0.04
crude_2visit,lmr,Men,53,9.45,9.51,0.06,0.06
crude_2visit,lmr,Men,54,9.44,9.52,0.07,0.07
crude_2visit,lmr,Men,55,9.43,9.52,0.08,0.08
crude_2visit,lmr,Men,56,9.42,9.52,0.10,0.10
crude_2visit,lmr,Men,57,9.41,9.52,0.11,0.11
crude_2visit,lmr,Men,58,9.40,9.51,0.12,0.12
crude_2visit,lmr,Men,59,9.38,9.51,0.12,0.12
crude_2visit,lmr,Men,60,9.37,9.50,0.13,0.13
crude_2visit,lmr,Men,61,9.35,9.49,0.14,0.14
crude_2visit,lmr,Men,62,9.34,9.48,0.14,0.14
crude_2visit,lmr,Men,63,9.32,9.46,0.14,0.14
crude_2visit,lmr,Men,64,9.30,9.44,0.14,0.14
crude_2visit,lmr,Men,65,9.28,9.42,0.15,0.15
crude_2visit,lmr,Men,66,9.26,9.40,0.14,0.14
crude_2visit,lmr,Men,67,9.24,9.38,0.14,0.14
crude_2visit,lmr,Men,68,9.21,9.35,0.14,0.14
crude_2visit,lmr,Men,69,9.19,9.32,0.13,0.13
crude_2visit,lmr,Men,70,9.17,9.29,0.13,0.13
crude_2visit,lmr,Men,71,9.14,9.26,0.12,0.12
crude_2visit,lmr,Men,72,9.11,9.22,0.11,0.11
crude_2visit,lmr,Men,73,9.08,9.18,0.10,0.10
crude_2visit,lmr,Men,74,9.06,9.14,0.09,0.09
crude_2visit,lmr,Men,75,9.03,9.10,0.07,0.07
crude_2visit,lmr,Men,76,8.99,9.06,0.06,0.06
crude_2visit,lmr,Men,77,8.96,9.01,0.04,0.04
crude_2visit,lmr,Men,78,8.93,8.96,0.03,0.03
crude_2visit,lmr,Men,79,8.90,8.91,0.01,0.01
crude_2visit,lmr,Men,80,8.86,8.85,-0.01,0.00
crude_2visit,lmr,Men,81,8.83,8.79,-0.03,0.00
crude_2visit,lmr,Men,82,8.79,8.74,-0.05,0.00
crude_2visit,lmr,Men,83,8.75,8.67,-0.08,0.00
crude_2visit,lmr,Men,84,8.71,8.61,-0.10,0.00
crude_2visit,lmr,Men,85,8.67,8.55,-0.13,0.00
crude_2visit,lmr,Men,86,8.63,8.48,-0.15,0.00
crude_2visit,lmr,Men,87,8.59,8.41,-0.18,0.00
crude_2visit,lmr,Men,88,8.55,8.33,-0.21,0.00
crude_2visit,lmr,Men,89,8.50,8.26,-0.24,0.00
crude_2visit,lmr,Men,90,8.46,8.18,-0.28,0.00
crude_2visit,lmr,Men,91,8.41,8.10,-0.31,0.00
crude_2visit,lmr,Men,92,8.36,8.02,-0.34,0.00
crude_2visit,lmr,Men,93,8.32,7.93,-0.38,0.00
crude_2visit,lmr,Men,94,8.27,7.85,-0.42,0.00
crude_2visit,lmr,Men,95,8.22,7.76,-0.46,0.00
crude_2visit,pasd,Women,50,9.10,9.25,0.14,0.14
crude_2visit,pasd,Women,51,9.07,9.22,0.15,0.15
crude_2visit,pasd,Women,52,9.03,9.19,0.15,0.15
crude_2visit,pasd,Women,53,8.99,9.15,0.16,0.16
crude_2visit,pasd,Women,54,8.96,9.12,0.16,0.16
crude_2visit,pasd,Women,55,8.92,9.08,0.16,0.16
crude_2visit,pasd,Women,56,8.87,9.04,0.16,0.16
crude_2visit,pasd,Women,57,8.83,9.00,0.17,0.17
crude_2visit,pasd,Women,58,8.79,8.95,0.17,0.17
crude_2visit,pasd,Women,59,8.74,8.91,0.17,0.17
crude_2visit,pasd,Women,60,8.70,8.86,0.16,0.16
crude_2visit,pasd,Women,61,8.65,8.81,0.16,0.16
crude_2visit,pasd,Women,62,8.60,8.76,0.16,0.16
crude_2visit,pasd,Women,63,8.55,8.71,0.16,0.16
crude_2visit,pasd,Women,64,8.50,8.65,0.15,0.15
crude_2visit,pasd,Women,65,8.45,8.60,0.15,0.15
crude_2visit,pasd,Women,66,8.39,8.54,0.14,0.14
crude_2visit,pasd,Women,67,8.34,8.48,0.14,0.14
crude_2visit,pasd,Women,68,8.28,8.41,0.13,0.13
crude_2visit,pasd,Women,69,8.23,8.35,0.12,0.12
crude_2visit,pasd,Women,70,8.17,8.28,0.11,0.11
crude_2visit,pasd,Women,71,8.11,8.21,0.11,0.11
crude_2visit,pasd,Women,72,8.05,8.14,0.10,0.10
crude_2visit,pasd,Women,73,7.98,8.07,0.09,0.09
crude_2visit,pasd,Women,74,7.92,8.00,0.07,0.07
crude_2visit,pasd,Women,75,7.86,7.92,0.06,0.06
crude_2visit,pasd,Women,76,7.79,7.84,0.05,0.05
crude_2visit,pasd,Women,77,7.72,7.76,0.04,0.04
crude_2visit,pasd,Women,78,7.65,7.68,0.02,0.02
crude_2visit,pasd,Women,79,7.59,7.59,0.01,0.01
crude_2visit,pasd,Women,80,7.51,7.51,-0.01,0.00
crude_2visit,pasd,Women,81,7.44,7.42,-0.02,0.00
crude_2visit,pasd,Women,82,7.37,7.33,-0.04,0.00
crude_2visit,pasd,Women,83,7.29,7.24,-0.06,0.00
crude_2visit,pasd,Women,84,7.22,7.15,-0.07,0.00
crude_2visit,pasd,Women,85,7.14,7.05,-0.09,0.00
crude_2visit,pasd,Women,86,7.06,6.95,-0.11,0.00
crude_2visit,pasd,Women,87,6.98,6.85,-0.13,0.00
crude_2visit,pasd,Women,88,6.90,6.75,-0.15,0.00
crude_2visit,pasd,Women,89,6.82,6.65,-0.17,0.00
crude_2visit,pasd,Women,90,6.74,6.54,-0.20,0.00
crude_2visit,pasd,Women,91,6.66,6.44,-0.22,0.00
crude_2visit,pasd,Women,92,6.57,6.33,-0.24,0.00
crude_2visit,pasd,Women,93,6.48,6.22,-0.27,0.00
crude_2visit,pasd,Women,94,6.40,6.10,-0.29,0.00
crude_2visit,pasd,Women,95,6.31,5.99,-0.32,0.00
crude_2visit,pasd,Men,50,8.65,8.93,0.28,0.28
crude_2visit,pasd,Men,51,8.60,8.88,0.28,0.28
crude_2visit,pasd,Men,52,8.55,8.82,0.27,0.27
crude_2visit,pasd,Men,53,8.50,8.77,0.27,0.27
crude_2visit,pasd,Men,54,8.45,8.72,0.27,0.27
crude_2visit,pasd,Men,55,8.40,8.67,0.26,0.26
crude_2visit,pasd,Men,56,8.35,8.61,0.26,0.26
crude_2visit,pasd,Men,57,8.30,8.56,0.25,0.25
crude_2visit,pasd,Men,58,8.25,8.50,0.25,0.25
crude_2visit,pasd,Men,59,8.20,8.45,0.24,0.24
crude_2visit,pasd,Men,60,8.15,8.39,0.24,0.24
crude_2visit,pasd,Men,61,8.10,8.33,0.23,0.23
crude_2visit,pasd,Men,62,8.05,8.27,0.22,0.22
crude_2visit,pasd,Men,63,7.99,8.21,0.22,0.22
crude_2visit,pasd,Men,64,7.94,8.15,0.21,0.21
crude_2visit,pasd,Men,65,7.89,8.09,0.20,0.20
crude_2visit,pasd,Men,66,7.83,8.03,0.19,0.19
crude_2visit,pasd,Men,67,7.78,7.96,0.19,0.19
crude_2visit,pasd,Men,68,7.72,7.90,0.18,0.18
crude_2visit,pasd,Men,69,7.67,7.83,0.17,0.17
crude_2visit,pasd,Men,70,7.61,7.77,0.16,0.16
crude_2visit,pasd,Men,71,7.55,7.70,0.15,0.15
crude_2visit,pasd,Men,72,7.50,7.63,0.14,0.14
crude_2visit,pasd,Men,73,7.44,7.57,0.13,0.13
crude_2visit,pasd,Men,74,7.38,7.50,0.12,0.12
crude_2visit,pasd,Men,75,7.32,7.43,0.10,0.10
crude_2visit,pasd,Men,76,7.26,7.36,0.09,0.09
crude_2visit,pasd,Men,77,7.21,7.29,0.08,0.08
crude_2visit,pasd,Men,78,7.15,7.21,0.07,0.07
crude_2visit,pasd,Men,79,7.09,7.14,0.06,0.06
crude_2visit,pasd,Men,80,7.03,7.07,0.04,0.04
crude_2visit,pasd,Men,81,6.96,6.99,0.03,0.03
crude_2visit,pasd,Men,82,6.90,6.92,0.01,0.01
crude_2visit,pasd,Men,83,6.84,6.84,0.00,0.00
crude_2visit,pasd,Men,84,6.78,6.76,-0.01,0.00
crude_2visit,pasd,Men,85,6.72,6.69,-0.03,0.00
crude_2visit,pasd,Men,86,6.65,6.61,-0.05,0.00
crude_2visit,pasd,Men,87,6.59,6.53,-0.06,0.00
crude_2visit,pasd,Men,88,6.53,6.45,-0.08,0.00
crude_2visit,pasd,Men,89,6.46,6.37,-0.09,0.00
crude_2visit,pasd,Men,90,6.40,6.29,-0.11,0.00
crude_2visit,pasd,Men,91,6.33,6.20,-0.13,0.00
crude_2visit,pasd,Men,92,6.27,6.12,-0.15,0.00
crude_2visit,pasd,Men,93,6.20,6.03,-0.16,0.00
crude_2visit,pasd,Men,94,6.13,5.95,-0.18,0.00
crude_2visit,pasd,Men,95,6.07,5.86,-0.20,0.00
crude_2visit,pasi,Women,50,15.92,16.37,0.45,0.45
crude_2visit,pasi,Women,51,15.83,16.28,0.45,0.45
crude_2visit,pasi,Women,52,15.73,16.18,0.45,0.45
crude_2visit,pasi,Women,53,15.62,16.07,0.45,0.45
crude_2visit,pasi,Women,54,15.52,15.97,0.45,0.45
crude_2visit,pasi,Women,55,15.41,15.85,0.44,0.44
crude_2visit,pasi,Women,56,15.31,15.74,0.44,0.44
crude_2visit,pasi,Women,57,15.19,15.62,0.43,0.43
crude_2visit,pasi,Women,58,15.08,15.50,0.42,0.42
crude_2visit,pasi,Women,59,14.97,15.38,0.41,0.41
crude_2visit,pasi,Women,60,14.85,15.25,0.40,0.40
crude_2visit,pasi,Women,61,14.73,15.12,0.39,0.39
crude_2visit,pasi,Women,62,14.61,14.98,0.37,0.37
crude_2visit,pasi,Women,63,14.48,14.84,0.36,0.36
crude_2visit,pasi,Women,64,14.36,14.70,0.34,0.34
crude_2visit,pasi,Women,65,14.23,14.55,0.32,0.32
crude_2visit,pasi,Women,66,14.10,14.40,0.31,0.31
crude_2visit,pasi,Women,67,13.96,14.25,0.28,0.28
crude_2visit,pasi,Women,68,13.83,14.09,0.26,0.26
crude_2visit,pasi,Women,69,13.69,13.93,0.24,0.24
crude_2visit,pasi,Women,70,13.55,13.77,0.22,0.22
crude_2visit,pasi,Women,71,13.41,13.60,0.19,0.19
crude_2visit,pasi,Women,72,13.27,13.43,0.16,0.16
crude_2visit,pasi,Women,73,13.12,13.25,0.13,0.13
crude_2visit,pasi,Women,74,12.97,13.07,0.10,0.10
crude_2visit,pasi,Women,75,12.82,12.89,0.07,0.07
crude_2visit,pasi,Women,76,12.67,12.71,0.04,0.04
crude_2visit,pasi,Women,77,12.51,12.52,0.01,0.01
crude_2visit,pasi,Women,78,12.35,12.32,-0.03,0.00
crude_2visit,pasi,Women,79,12.19,12.13,-0.06,0.00
crude_2visit,pasi,Women,80,12.03,11.93,-0.10,0.00
crude_2visit,pasi,Women,81,11.87,11.72,-0.14,0.00
crude_2visit,pasi,Women,82,11.70,11.52,-0.18,0.00
crude_2visit,pasi,Women,83,11.53,11.31,-0.22,0.00
crude_2visit,pasi,Women,84,11.36,11.09,-0.27,0.00
crude_2visit,pasi,Women,85,11.19,10.87,-0.31,0.00
crude_2visit,pasi,Women,86,11.01,10.65,-0.36,0.00
crude_2visit,pasi,Women,87,10.83,10.43,-0.41,0.00
crude_2visit,pasi,Women,88,10.65,10.20,-0.45,0.00
crude_2visit,pasi,Women,89,10.47,9.97,-0.50,0.00
crude_2visit,pasi,Women,90,10.29,9.73,-0.56,0.00
crude_2visit,pasi,Women,91,10.10,9.49,-0.61,0.00
crude_2visit,pasi,Women,92,9.91,9.25,-0.66,0.00
crude_2visit,pasi,Women,93,9.72,9.00,-0.72,0.00
crude_2visit,pasi,Women,94,9.53,8.75,-0.77,0.00
crude_2visit,pasi,Women,95,9.33,8.50,-0.83,0.00
crude_2visit,pasi,Men,50,14.42,14.91,0.49,0.49
crude_2visit,pasi,Men,51,14.32,14.80,0.48,0.48
crude_2visit,pasi,Men,52,14.21,14.69,0.48,0.48
crude_2visit,pasi,Men,53,14.11,14.58,0.47,0.47
crude_2visit,pasi,Men,54,14.00,14.46,0.46,0.46
crude_2visit,pasi,Men,55,13.89,14.34,0.45,0.45
crude_2visit,pasi,Men,56,13.79,14.23,0.44,0.44
crude_2visit,pasi,Men,57,13.68,14.10,0.43,0.43
crude_2visit,pasi,Men,58,13.56,13.98,0.42,0.42
crude_2visit,pasi,Men,59,13.45,13.85,0.40,0.40
crude_2visit,pasi,Men,60,13.34,13.73,0.39,0.39
crude_2visit,pasi,Men,61,13.23,13.60,0.37,0.37
crude_2visit,pasi,Men,62,13.11,13.47,0.35,0.35
crude_2visit,pasi,Men,63,12.99,13.33,0.34,0.34
crude_2visit,pasi,Men,64,12.88,13.20,0.32,0.32
crude_2visit,pasi,Men,65,12.76,13.06,0.30,0.30
crude_2visit,pasi,Men,66,12.64,12.92,0.28,0.28
crude_2visit,pasi,Men,67,12.52,12.77,0.25,0.25
crude_2visit,pasi,Men,68,12.40,12.63,0.23,0.23
crude_2visit,pasi,Men,69,12.28,12.48,0.20,0.20
crude_2visit,pasi,Men,70,12.16,12.33,0.18,0.18
crude_2visit,pasi,Men,71,12.03,12.18,0.15,0.15
crude_2visit,pasi,Men,72,11.91,12.03,0.12,0.12
crude_2visit,pasi,Men,73,11.78,11.88,0.09,0.09
crude_2visit,pasi,Men,74,11.66,11.72,0.06,0.06
crude_2visit,pasi,Men,75,11.53,11.56,0.03,0.03
crude_2visit,pasi,Men,76,11.40,11.40,0.00,0.00
crude_2visit,pasi,Men,77,11.27,11.23,-0.03,0.00
crude_2visit,pasi,Men,78,11.14,11.07,-0.07,0.00
crude_2visit,pasi,Men,79,11.01,10.90,-0.10,0.00
crude_2visit,pasi,Men,80,10.87,10.73,-0.14,0.00
crude_2visit,pasi,Men,81,10.74,10.56,-0.18,0.00
crude_2visit,pasi,Men,82,10.61,10.39,-0.22,0.00
crude_2visit,pasi,Men,83,10.47,10.21,-0.26,0.00
crude_2visit,pasi,Men,84,10.33,10.03,-0.30,0.00
crude_2visit,pasi,Men,85,10.20,9.85,-0.34,0.00
crude_2visit,pasi,Men,86,10.06,9.67,-0.39,0.00
crude_2visit,pasi,Men,87,9.92,9.49,-0.43,0.00
crude_2visit,pasi,Men,88,9.78,9.30,-0.48,0.00
crude_2visit,pasi,Men,89,9.63,9.11,-0.52,0.00
crude_2visit,pasi,Men,90,9.49,8.92,-0.57,0.00
crude_2visit,pasi,Men,91,9.35,8.73,-0.62,0.00
crude_2visit,pasi,Men,92,9.20,8.53,-0.67,0.00
crude_2visit,pasi,Men,93,9.06,8.34,-0.72,0.00
crude_2visit,pasi,Men,94,8.91,8.14,-0.77,0.00
crude_2visit,pasi,Men,95,8.76,7.94,-0.83,0.00
crude_2visit,pasr,Women,50,10.04,10.02,-0.02,0.00
crude_2visit,pasr,Women,51,10.04,10.04,-0.01,0.00
crude_2visit,pasr,Women,52,10.04,10.05,0.01,0.01
crude_2visit,pasr,Women,53,10.04,10.06,0.02,0.02
crude_2visit,pasr,Women,54,10.04,10.06,0.03,0.03
crude_2visit,pasr,Women,55,10.03,10.07,0.04,0.04
crude_2visit,pasr,Women,56,10.02,10.07,0.04,0.04
crude_2visit,pasr,Women,57,10.01,10.06,0.05,0.05
crude_2visit,pasr,Women,58,10.00,10.06,0.06,0.06
crude_2visit,pasr,Women,59,9.99,10.05,0.06,0.06
crude_2visit,pasr,Women,60,9.97,10.04,0.07,0.07
crude_2visit,pasr,Women,61,9.96,10.03,0.07,0.07
crude_2visit,pasr,Women,62,9.94,10.01,0.07,0.07
crude_2visit,pasr,Women,63,9.92,9.99,0.07,0.07
crude_2visit,pasr,Women,64,9.90,9.97,0.07,0.07
crude_2visit,pasr,Women,65,9.87,9.94,0.07,0.07
crude_2visit,pasr,Women,66,9.85,9.92,0.07,0.07
crude_2visit,pasr,Women,67,9.82,9.89,0.07,0.07
crude_2visit,pasr,Women,68,9.79,9.85,0.06,0.06
crude_2visit,pasr,Women,69,9.76,9.82,0.06,0.06
crude_2visit,pasr,Women,70,9.73,9.78,0.05,0.05
crude_2visit,pasr,Women,71,9.69,9.74,0.05,0.05
crude_2visit,pasr,Women,72,9.66,9.69,0.04,0.04
crude_2visit,pasr,Women,73,9.62,9.65,0.03,0.03
crude_2visit,pasr,Women,74,9.58,9.60,0.02,0.02
crude_2visit,pasr,Women,75,9.54,9.55,0.01,0.01
crude_2visit,pasr,Women,76,9.49,9.49,0.00,0.00
crude_2visit,pasr,Women,77,9.45,9.43,-0.02,0.00
crude_2visit,pasr,Women,78,9.40,9.37,-0.03,0.00
crude_2visit,pasr,Women,79,9.35,9.31,-0.05,0.00
crude_2visit,pasr,Women,80,9.30,9.24,-0.06,0.00
crude_2visit,pasr,Women,81,9.25,9.17,-0.08,0.00
crude_2visit,pasr,Women,82,9.20,9.10,-0.10,0.00
crude_2visit,pasr,Women,83,9.14,9.03,-0.12,0.00
crude_2visit,pasr,Women,84,9.09,8.95,-0.13,0.00
crude_2visit,pasr,Women,85,9.03,8.87,-0.16,0.00
crude_2visit,pasr,Women,86,8.97,8.79,-0.18,0.00
crude_2visit,pasr,Women,87,8.90,8.70,-0.20,0.00
crude_2visit,pasr,Women,88,8.84,8.61,-0.22,0.00
crude_2visit,pasr,Women,89,8.77,8.52,-0.25,0.00
crude_2visit,pasr,Women,90,8.70,8.43,-0.27,0.00
crude_2visit,pasr,Women,91,8.63,8.33,-0.30,0.00
crude_2visit,pasr,Women,92,8.56,8.23,-0.33,0.00
crude_2visit,pasr,Women,93,8.49,8.13,-0.36,0.00
crude_2visit,pasr,Women,94,8.42,8.03,-0.39,0.00
crude_2visit,pasr,Women,95,8.34,7.92,-0.42,0.00
crude_2visit,pasr,Men,50,9.96,9.99,0.03,0.03
crude_2visit,pasr,Men,51,9.96,9.99,0.03,0.03
crude_2visit,pasr,Men,52,9.96,9.99,0.03,0.03
crude_2visit,pasr,Men,53,9.95,9.99,0.04,0.04
crude_2visit,pasr,Men,54,9.95,9.98,0.04,0.04
crude_2visit,pasr,Men,55,9.94,9.98,0.04,0.04
crude_2visit,pasr,Men,56,9.93,9.97,0.04,0.04
crude_2visit,pasr,Men,57,9.92,9.96,0.04,0.04
crude_2visit,pasr,Men,58,9.91,9.95,0.04,0.04
crude_2visit,pasr,Men,59,9.90,9.94,0.04,0.04
crude_2visit,pasr,Men,60,9.89,9.92,0.03,0.03
crude_2visit,pasr,Men,61,9.87,9.90,0.03,0.03
crude_2visit,pasr,Men,62,9.86,9.89,0.03,0.03
crude_2visit,pasr,Men,63,9.84,9.87,0.02,0.02
crude_2visit,pasr,Men,64,9.83,9.84,0.02,0.02
crude_2visit,pasr,Men,65,9.81,9.82,0.01,0.01
crude_2visit,pasr,Men,66,9.79,9.79,0.00,0.00
crude_2visit,pasr,Men,67,9.77,9.77,0.00,0.00
crude_2visit,pasr,Men,68,9.75,9.74,-0.01,0.00
crude_2visit,pasr,Men,69,9.73,9.71,-0.02,0.00
crude_2visit,pasr,Men,70,9.70,9.67,-0.03,0.00
crude_2visit,pasr,Men,71,9.68,9.64,-0.04,0.00
crude_2visit,pasr,Men,72,9.65,9.60,-0.05,0.00
crude_2visit,pasr,Men,73,9.63,9.57,-0.06,0.00
crude_2visit,pasr,Men,74,9.60,9.53,-0.07,0.00
crude_2visit,pasr,Men,75,9.57,9.48,-0.09,0.00
crude_2visit,pasr,Men,76,9.54,9.44,-0.10,0.00
crude_2visit,pasr,Men,77,9.51,9.40,-0.11,0.00
crude_2visit,pasr,Men,78,9.48,9.35,-0.13,0.00
crude_2visit,pasr,Men,79,9.45,9.30,-0.15,0.00
crude_2visit,pasr,Men,80,9.41,9.25,-0.16,0.00
crude_2visit,pasr,Men,81,9.38,9.20,-0.18,0.00
crude_2visit,pasr,Men,82,9.34,9.15,-0.20,0.00
crude_2visit,pasr,Men,83,9.31,9.09,-0.22,0.00
crude_2visit,pasr,Men,84,9.27,9.03,-0.23,0.00
crude_2visit,pasr,Men,85,9.23,8.97,-0.25,0.00
crude_2visit,pasr,Men,86,9.19,8.91,-0.28,0.00
crude_2visit,pasr,Men,87,9.15,8.85,-0.30,0.00
crude_2visit,pasr,Men,88,9.10,8.79,-0.32,0.00
crude_2visit,pasr,Men,89,9.06,8.72,-0.34,0.00
crude_2visit,pasr,Men,90,9.02,8.65,-0.37,0.00
crude_2visit,pasr,Men,91,8.97,8.58,-0.39,0.00
crude_2visit,pasr,Men,92,8.93,8.51,-0.41,0.00
crude_2visit,pasr,Men,93,8.88,8.44,-0.44,0.00
crude_2visit,pasr,Men,94,8.83,8.36,-0.47,0.00
crude_2visit,pasr,Men,95,8.78,8.29,-0.49,0.00
crude_2visit,trailsa,Women,50,0.39,0.38,-0.01,-0.01
crude_2visit,trailsa,Women,51,0.40,0.38,-0.02,-0.02
crude_2visit,trailsa,Women,52,0.40,0.37,-0.03,-0.03
crude_2visit,trailsa,Women,53,0.41,0.37,-0.04,-0.04
crude_2visit,trailsa,Women,54,0.42,0.37,-0.04,-0.04
crude_2visit,trailsa,Women,55,0.42,0.37,-0.05,-0.05
crude_2visit,trailsa,Women,56,0.43,0.38,-0.05,-0.05
crude_2visit,trailsa,Women,57,0.44,0.38,-0.06,-0.06
crude_2visit,trailsa,Women,58,0.45,0.39,-0.06,-0.06
crude_2visit,trailsa,Women,59,0.46,0.40,-0.07,-0.07
crude_2visit,trailsa,Women,60,0.48,0.41,-0.07,-0.07
crude_2visit,trailsa,Women,61,0.49,0.42,-0.07,-0.07
crude_2visit,trailsa,Women,62,0.50,0.43,-0.07,-0.07
crude_2visit,trailsa,Women,63,0.52,0.45,-0.07,-0.07
crude_2visit,trailsa,Women,64,0.54,0.46,-0.07,-0.07
crude_2visit,trailsa,Women,65,0.55,0.48,-0.07,-0.07
crude_2visit,trailsa,Women,66,0.57,0.50,-0.07,-0.07
crude_2visit,trailsa,Women,67,0.59,0.52,-0.07,-0.07
crude_2visit,trailsa,Women,68,0.61,0.55,-0.06,-0.06
crude_2visit,trailsa,Women,69,0.63,0.57,-0.06,-0.06
crude_2visit,trailsa,Women,70,0.65,0.60,-0.05,-0.05
crude_2visit,trailsa,Women,71,0.68,0.63,-0.05,-0.05
crude_2visit,trailsa,Women,72,0.70,0.66,-0.04,-0.04
crude_2visit,trailsa,Women,73,0.72,0.69,-0.04,-0.04
crude_2visit,trailsa,Women,74,0.75,0.72,-0.03,-0.03
crude_2visit,trailsa,Women,75,0.78,0.76,-0.02,-0.02
crude_2visit,trailsa,Women,76,0.80,0.79,-0.01,-0.01
crude_2visit,trailsa,Women,77,0.83,0.83,0.00,0.00
crude_2visit,trailsa,Women,78,0.86,0.87,0.01,0.00
crude_2visit,trailsa,Women,79,0.89,0.91,0.02,0.00
crude_2visit,trailsa,Women,80,0.92,0.95,0.03,0.00
crude_2visit,trailsa,Women,81,0.95,1.00,0.04,0.00
crude_2visit,trailsa,Women,82,0.99,1.04,0.06,0.00
crude_2visit,trailsa,Women,83,1.02,1.09,0.07,0.00
crude_2visit,trailsa,Women,84,1.06,1.14,0.09,0.00
crude_2visit,trailsa,Women,85,1.09,1.19,0.10,0.00
crude_2visit,trailsa,Women,86,1.13,1.25,0.12,0.00
crude_2visit,trailsa,Women,87,1.17,1.30,0.13,0.00
crude_2visit,trailsa,Women,88,1.20,1.36,0.15,0.00
crude_2visit,trailsa,Women,89,1.24,1.41,0.17,0.00
crude_2visit,trailsa,Women,90,1.28,1.47,0.19,0.00
crude_2visit,trailsa,Women,91,1.33,1.53,0.21,0.00
crude_2visit,trailsa,Women,92,1.37,1.60,0.23,0.00
crude_2visit,trailsa,Women,93,1.41,1.66,0.25,0.00
crude_2visit,trailsa,Women,94,1.46,1.73,0.27,0.00
crude_2visit,trailsa,Women,95,1.50,1.80,0.29,0.00
crude_2visit,trailsa,Men,50,0.43,0.41,-0.02,-0.02
crude_2visit,trailsa,Men,51,0.44,0.42,-0.02,-0.02
crude_2visit,trailsa,Men,52,0.44,0.42,-0.02,-0.02
crude_2visit,trailsa,Men,53,0.45,0.43,-0.02,-0.02
crude_2visit,trailsa,Men,54,0.46,0.44,-0.02,-0.02
crude_2visit,trailsa,Men,55,0.47,0.44,-0.02,-0.02
crude_2visit,trailsa,Men,56,0.47,0.45,-0.02,-0.02
crude_2visit,trailsa,Men,57,0.48,0.46,-0.02,-0.02
crude_2visit,trailsa,Men,58,0.49,0.47,-0.02,-0.02
crude_2visit,trailsa,Men,59,0.51,0.48,-0.02,-0.02
crude_2visit,trailsa,Men,60,0.52,0.50,-0.02,-0.02
crude_2visit,trailsa,Men,61,0.53,0.51,-0.02,-0.02
crude_2visit,trailsa,Men,62,0.54,0.52,-0.02,-0.02
crude_2visit,trailsa,Men,63,0.56,0.54,-0.02,-0.02
crude_2visit,trailsa,Men,64,0.57,0.55,-0.02,-0.02
crude_2visit,trailsa,Men,65,0.59,0.57,-0.02,-0.02
crude_2visit,trailsa,Men,66,0.60,0.58,-0.02,-0.02
crude_2visit,trailsa,Men,67,0.62,0.60,-0.02,-0.02
crude_2visit,trailsa,Men,68,0.63,0.62,-0.02,-0.02
crude_2visit,trailsa,Men,69,0.65,0.64,-0.02,-0.02
crude_2visit,trailsa,Men,70,0.67,0.66,-0.01,-0.01
crude_2visit,trailsa,Men,71,0.69,0.68,-0.01,-0.01
crude_2visit,trailsa,Men,72,0.71,0.70,-0.01,-0.01
crude_2visit,trailsa,Men,73,0.73,0.72,-0.01,-0.01
crude_2visit,trailsa,Men,74,0.75,0.74,-0.01,-0.01
crude_2visit,trailsa,Men,75,0.77,0.77,-0.01,-0.01
crude_2visit,trailsa,Men,76,0.79,0.79,0.00,0.00
crude_2visit,trailsa,Men,77,0.82,0.82,0.00,0.00
crude_2visit,trailsa,Men,78,0.84,0.84,0.00,0.00
crude_2visit,trailsa,Men,79,0.86,0.87,0.00,0.00
crude_2visit,trailsa,Men,80,0.89,0.90,0.01,0.00
crude_2visit,trailsa,Men,81,0.91,0.92,0.01,0.00
crude_2visit,trailsa,Men,82,0.94,0.95,0.01,0.00
crude_2visit,trailsa,Men,83,0.97,0.98,0.02,0.00
crude_2visit,trailsa,Men,84,1.00,1.01,0.02,0.00
crude_2visit,trailsa,Men,85,1.02,1.05,0.02,0.00
crude_2visit,trailsa,Men,86,1.05,1.08,0.03,0.00
crude_2visit,trailsa,Men,87,1.08,1.11,0.03,0.00
crude_2visit,trailsa,Men,88,1.11,1.14,0.03,0.00
crude_2visit,trailsa,Men,89,1.14,1.18,0.04,0.00
crude_2visit,trailsa,Men,90,1.17,1.21,0.04,0.00
crude_2visit,trailsa,Men,91,1.21,1.25,0.04,0.00
crude_2visit,trailsa,Men,92,1.24,1.29,0.05,0.00
crude_2visit,trailsa,Men,93,1.27,1.32,0.05,0.00
crude_2visit,trailsa,Men,94,1.31,1.36,0.06,0.00
crude_2visit,trailsa,Men,95,1.34,1.40,0.06,0.00
crude_2visit,trailsb,Women,50,0.89,0.91,0.03,0.00
crude_2visit,trailsb,Women,51,0.90,0.91,0.00,0.00
crude_2visit,trailsb,Women,52,0.92,0.90,-0.02,-0.02
crude_2visit,trailsb,Women,53,0.94,0.91,-0.03,-0.03
crude_2visit,trailsb,Women,54,0.97,0.92,-0.05,-0.05
crude_2visit,trailsb,Women,55,1.00,0.93,-0.07,-0.07
crude_2visit,trailsb,Women,56,1.04,0.95,-0.08,-0.08
crude_2visit,trailsb,Women,57,1.07,0.98,-0.09,-0.09
crude_2visit,trailsb,Women,58,1.12,1.01,-0.10,-0.10
crude_2visit,trailsb,Women,59,1.16,1.05,-0.11,-0.11
crude_2visit,trailsb,Women,60,1.21,1.09,-0.12,-0.12
crude_2visit,trailsb,Women,61,1.27,1.14,-0.13,-0.13
crude_2visit,trailsb,Women,62,1.33,1.20,-0.13,-0.13
crude_2visit,trailsb,Women,63,1.39,1.26,-0.13,-0.13
crude_2visit,trailsb,Women,64,1.46,1.33,-0.13,-0.13
crude_2visit,trailsb,Women,65,1.53,1.40,-0.13,-0.13
crude_2visit,trailsb,Women,66,1.61,1.48,-0.13,-0.13
crude_2visit,trailsb,Women,67,1.69,1.56,-0.12,-0.12
crude_2visit,trailsb,Women,68,1.77,1.65,-0.12,-0.12
crude_2visit,trailsb,Women,69,1.86,1.75,-0.11,-0.11
crude_2visit,trailsb,Women,70,1.95,1.85,-0.10,-0.10
crude_2visit,trailsb,Women,71,2.04,1.95,-0.09,-0.09
crude_2visit,trailsb,Women,72,2.14,2.07,-0.08,-0.08
crude_2visit,trailsb,Women,73,2.25,2.19,-0.06,-0.06
crude_2visit,trailsb,Women,74,2.36,2.31,-0.05,-0.05
crude_2visit,trailsb,Women,75,2.47,2.44,-0.03,-0.03
crude_2visit,trailsb,Women,76,2.58,2.57,-0.01,-0.01
crude_2visit,trailsb,Women,77,2.70,2.72,0.01,0.00
crude_2visit,trailsb,Women,78,2.83,2.86,0.03,0.00
crude_2visit,trailsb,Women,79,2.96,3.01,0.06,0.00
crude_2visit,trailsb,Women,80,3.09,3.17,0.08,0.00
crude_2visit,trailsb,Women,81,3.23,3.34,0.11,0.00
crude_2visit,trailsb,Women,82,3.37,3.51,0.14,0.00
crude_2visit,trailsb,Women,83,3.51,3.68,0.17,0.00
crude_2visit,trailsb,Women,84,3.66,3.86,0.20,0.00
crude_2visit,trailsb,Women,85,3.81,4.05,0.24,0.00
crude_2visit,trailsb,Women,86,3.97,4.24,0.27,0.00
crude_2visit,trailsb,Women,87,4.13,4.44,0.31,0.00
crude_2visit,trailsb,Women,88,4.30,4.65,0.35,0.00
crude_2visit,trailsb,Women,89,4.46,4.86,0.39,0.00
crude_2visit,trailsb,Women,90,4.64,5.07,0.43,0.00
crude_2visit,trailsb,Women,91,4.81,5.29,0.48,0.00
crude_2visit,trailsb,Women,92,5.00,5.52,0.52,0.00
crude_2visit,trailsb,Women,93,5.18,5.75,0.57,0.00
crude_2visit,trailsb,Women,94,5.37,5.99,0.62,0.00
crude_2visit,trailsb,Women,95,5.56,6.24,0.67,0.00
crude_2visit,trailsb,Men,50,0.97,0.97,0.00,0.00
crude_2visit,trailsb,Men,51,0.98,0.96,-0.02,-0.02
crude_2visit,trailsb,Men,52,1.00,0.96,-0.03,-0.03
crude_2visit,trailsb,Men,53,1.02,0.97,-0.05,-0.05
crude_2visit,trailsb,Men,54,1.05,0.98,-0.06,-0.06
crude_2visit,trailsb,Men,55,1.08,1.00,-0.08,-0.08
crude_2visit,trailsb,Men,56,1.11,1.02,-0.09,-0.09
crude_2visit,trailsb,Men,57,1.15,1.05,-0.10,-0.10
crude_2visit,trailsb,Men,58,1.19,1.08,-0.11,-0.11
crude_2visit,trailsb,Men,59,1.23,1.12,-0.12,-0.12
crude_2visit,trailsb,Men,60,1.28,1.16,-0.12,-0.12
crude_2visit,trailsb,Men,61,1.33,1.21,-0.13,-0.13
crude_2visit,trailsb,Men,62,1.39,1.26,-0.13,-0.13
crude_2visit,trailsb,Men,63,1.45,1.32,-0.13,-0.13
crude_2visit,trailsb,Men,64,1.52,1.38,-0.13,-0.13
crude_2visit,trailsb,Men,65,1.58,1.45,-0.13,-0.13
crude_2visit,trailsb,Men,66,1.65,1.53,-0.13,-0.13
crude_2visit,trailsb,Men,67,1.73,1.61,-0.12,-0.12
crude_2visit,trailsb,Men,68,1.81,1.69,-0.12,-0.12
crude_2visit,trailsb,Men,69,1.89,1.78,-0.11,-0.11
crude_2visit,trailsb,Men,70,1.98,1.87,-0.10,-0.10
crude_2visit,trailsb,Men,71,2.07,1.97,-0.10,-0.10
crude_2visit,trailsb,Men,72,2.16,2.08,-0.08,-0.08
crude_2visit,trailsb,Men,73,2.26,2.19,-0.07,-0.07
crude_2visit,trailsb,Men,74,2.36,2.30,-0.06,-0.06
crude_2visit,trailsb,Men,75,2.47,2.42,-0.04,-0.04
crude_2visit,trailsb,Men,76,2.58,2.55,-0.03,-0.03
crude_2visit,trailsb,Men,77,2.69,2.68,-0.01,-0.01
crude_2visit,trailsb,Men,78,2.81,2.82,0.01,0.00
crude_2visit,trailsb,Men,79,2.93,2.96,0.03,0.00
crude_2visit,trailsb,Men,80,3.05,3.10,0.05,0.00
crude_2visit,trailsb,Men,81,3.18,3.26,0.07,0.00
crude_2visit,trailsb,Men,82,3.31,3.41,0.10,0.00
crude_2visit,trailsb,Men,83,3.45,3.57,0.12,0.00
crude_2visit,trailsb,Men,84,3.59,3.74,0.15,0.00
crude_2visit,trailsb,Men,85,3.73,3.91,0.18,0.00
crude_2visit,trailsb,Men,86,3.88,4.09,0.21,0.00
crude_2visit,trailsb,Men,87,4.03,4.27,0.24,0.00
crude_2visit,trailsb,Men,88,4.19,4.46,0.27,0.00
crude_2visit,trailsb,Men,89,4.35,4.66,0.31,0.00
crude_2visit,trailsb,Men,90,4.51,4.85,0.34,0.00
crude_2visit,trailsb,Men,91,4.68,5.06,0.38,0.00
crude_2visit,trailsb,Men,92,4.85,5.27,0.42,0.00
crude_2visit,trailsb,Men,93,5.02,5.48,0.46,0.00
crude_2visit,trailsb,Men,94,5.20,5.70,0.50,0.00
crude_2visit,trailsb,Men,95,5.38,5.92,0.54,0.00
crude_2visit,vrd,Women,50,9.29,9.62,0.33,0.33
crude_2visit,vrd,Women,51,9.20,9.54,0.34,0.34
crude_2visit,vrd,Women,52,9.11,9.46,0.35,0.35
crude_2visit,vrd,Women,53,9.02,9.37,0.35,0.35
crude_2visit,vrd,Women,54,8.92,9.27,0.36,0.36
crude_2visit,vrd,Women,55,8.81,9.17,0.36,0.36
crude_2visit,vrd,Women,56,8.69,9.06,0.37,0.37
crude_2visit,vrd,Women,57,8.58,8.95,0.37,0.37
crude_2visit,vrd,Women,58,8.45,8.83,0.38,0.38
crude_2visit,vrd,Women,59,8.32,8.70,0.38,0.38
crude_2visit,vrd,Women,60,8.19,8.57,0.38,0.38
crude_2visit,vrd,Women,61,8.05,8.43,0.39,0.39
crude_2visit,vrd,Women,62,7.90,8.29,0.39,0.39
crude_2visit,vrd,Women,63,7.75,8.14,0.39,0.39
crude_2visit,vrd,Women,64,7.59,7.98,0.39,0.39
crude_2visit,vrd,Women,65,7.43,7.82,0.39,0.39
crude_2visit,vrd,Women,66,7.26,7.65,0.40,0.40
crude_2visit,vrd,Women,67,7.08,7.48,0.40,0.40
crude_2visit,vrd,Women,68,6.90,7.30,0.40,0.40
crude_2visit,vrd,Women,69,6.72,7.11,0.40,0.40
crude_2visit,vrd,Women,70,6.53,6.92,0.40,0.40
crude_2visit,vrd,Women,71,6.33,6.72,0.39,0.39
crude_2visit,vrd,Women,72,6.13,6.52,0.39,0.39
crude_2visit,vrd,Women,73,5.92,6.31,0.39,0.39
crude_2visit,vrd,Women,74,5.70,6.09,0.39,0.39
crude_2visit,vrd,Women,75,5.49,5.87,0.39,0.39
crude_2visit,vrd,Women,76,5.26,5.64,0.38,0.38
crude_2visit,vrd,Women,77,5.03,5.41,0.38,0.38
crude_2visit,vrd,Women,78,4.79,5.17,0.38,0.38
crude_2visit,vrd,Women,79,4.55,4.92,0.37,0.37
crude_2visit,vrd,Women,80,4.31,4.67,0.37,0.37
crude_2visit,vrd,Women,81,4.05,4.41,0.36,0.36
crude_2visit,vrd,Women,82,3.79,4.15,0.36,0.36
crude_2visit,vrd,Women,83,3.53,3.88,0.35,0.35
crude_2visit,vrd,Women,84,3.26,3.60,0.34,0.34
crude_2visit,vrd,Women,85,2.98,3.32,0.34,0.34
crude_2visit,vrd,Women,86,2.70,3.03,0.33,0.33
crude_2visit,vrd,Women,87,2.42,2.74,0.32,0.32
crude_2visit,vrd,Women,88,2.13,2.44,0.31,0.31
crude_2visit,vrd,Women,89,1.83,2.13,0.31,0.31
crude_2visit,vrd,Women,90,1.52,1.82,0.30,0.30
crude_2visit,vrd,Women,91,1.22,1.50,0.29,0.29
crude_2visit,vrd,Women,92,0.90,1.18,0.28,0.28
crude_2visit,vrd,Women,93,0.58,0.85,0.27,0.27
crude_2visit,vrd,Women,94,0.25,0.51,0.26,0.26
crude_2visit,vrd,Women,95,-0.08,0.17,0.25,0.25
crude_2visit,vrd,Men,50,9.37,9.95,0.58,0.58
crude_2visit,vrd,Men,51,9.27,9.84,0.57,0.57
crude_2visit,vrd,Men,52,9.17,9.73,0.56,0.56
crude_2visit,vrd,Men,53,9.06,9.61,0.55,0.55
crude_2visit,vrd,Men,54,8.95,9.49,0.54,0.54
crude_2visit,vrd,Men,55,8.83,9.36,0.53,0.53
crude_2visit,vrd,Men,56,8.71,9.23,0.52,0.52
crude_2visit,vrd,Men,57,8.58,9.10,0.51,0.51
crude_2visit,vrd,Men,58,8.46,8.96,0.50,0.50
crude_2visit,vrd,Men,59,8.32,8.82,0.49,0.49
crude_2visit,vrd,Men,60,8.19,8.67,0.48,0.48
crude_2visit,vrd,Men,61,8.05,8.52,0.47,0.47
crude_2visit,vrd,Men,62,7.91,8.37,0.46,0.46
crude_2visit,vrd,Men,63,7.76,8.21,0.46,0.46
crude_2visit,vrd,Men,64,7.61,8.05,0.45,0.45
crude_2visit,vrd,Men,65,7.45,7.89,0.44,0.44
crude_2visit,vrd,Men,66,7.29,7.72,0.43,0.43
crude_2visit,vrd,Men,67,7.13,7.55,0.42,0.42
crude_2visit,vrd,Men,68,6.96,7.37,0.41,0.41
crude_2visit,vrd,Men,69,6.79,7.19,0.40,0.40
crude_2visit,vrd,Men,70,6.62,7.01,0.39,0.39
crude_2visit,vrd,Men,71,6.44,6.82,0.38,0.38
crude_2visit,vrd,Men,72,6.26,6.63,0.37,0.37
crude_2visit,vrd,Men,73,6.08,6.43,0.36,0.36
crude_2visit,vrd,Men,74,5.89,6.23,0.35,0.35
crude_2visit,vrd,Men,75,5.69,6.03,0.34,0.34
crude_2visit,vrd,Men,76,5.50,5.82,0.33,0.33
crude_2visit,vrd,Men,77,5.29,5.61,0.32,0.32
crude_2visit,vrd,Men,78,5.09,5.40,0.31,0.31
crude_2visit,vrd,Men,79,4.88,5.18,0.30,0.30
crude_2visit,vrd,Men,80,4.67,4.96,0.29,0.29
crude_2visit,vrd,Men,81,4.45,4.73,0.28,0.28
crude_2visit,vrd,Men,82,4.23,4.50,0.27,0.27
crude_2visit,vrd,Men,83,4.01,4.27,0.26,0.26
crude_2visit,vrd,Men,84,3.78,4.03,0.25,0.25
crude_2visit,vrd,Men,85,3.55,3.79,0.24,0.24
crude_2visit,vrd,Men,86,3.31,3.54,0.23,0.23
crude_2visit,vrd,Men,87,3.07,3.29,0.22,0.22
crude_2visit,vrd,Men,88,2.83,3.04,0.21,0.21
crude_2visit,vrd,Men,89,2.58,2.78,0.20,0.20
crude_2visit,vrd,Men,90,2.33,2.52,0.19,0.19
crude_2visit,vrd,Men,91,2.08,2.26,0.18,0.18
crude_2visit,vrd,Men,92,1.82,1.99,0.16,0.16
crude_2visit,vrd,Men,93,1.56,1.71,0.15,0.15
crude_2visit,vrd,Men,94,1.29,1.44,0.14,0.14
crude_2visit,vrd,Men,95,1.02,1.16,0.13,0.13
crude_2visit,vri,Women,50,9.94,10.30,0.36,0.36
crude_2visit,vri,Women,51,9.87,10.24,0.36,0.36
crude_2visit,vri,Women,52,9.80,10.16,0.36,0.36
crude_2visit,vri,Women,53,9.72,10.09,0.36,0.36
crude_2visit,vri,Women,54,9.64,10.00,0.36,0.36
crude_2visit,vri,Women,55,9.55,9.91,0.36,0.36
crude_2visit,vri,Women,56,9.46,9.82,0.36,0.36
crude_2visit,vri,Women,57,9.36,9.72,0.36,0.36
crude_2visit,vri,Women,58,9.25,9.61,0.36,0.36
crude_2visit,vri,Women,59,9.14,9.50,0.36,0.36
crude_2visit,vri,Women,60,9.02,9.38,0.36,0.36
crude_2visit,vri,Women,61,8.90,9.26,0.36,0.36
crude_2visit,vri,Women,62,8.77,9.13,0.36,0.36
crude_2visit,vri,Women,63,8.63,8.99,0.36,0.36
crude_2visit,vri,Women,64,8.49,8.85,0.36,0.36
crude_2visit,vri,Women,65,8.35,8.70,0.35,0.35
crude_2visit,vri,Women,66,8.19,8.55,0.35,0.35
crude_2visit,vri,Women,67,8.04,8.39,0.35,0.35
crude_2visit,vri,Women,68,7.87,8.22,0.35,0.35
crude_2visit,vri,Women,69,7.71,8.05,0.35,0.35
crude_2visit,vri,Women,70,7.53,7.87,0.34,0.34
crude_2visit,vri,Women,71,7.35,7.69,0.34,0.34
crude_2visit,vri,Women,72,7.17,7.50,0.34,0.34
crude_2visit,vri,Women,73,6.97,7.31,0.33,0.33
crude_2visit,vri,Women,74,6.78,7.11,0.33,0.33
crude_2visit,vri,Women,75,6.57,6.90,0.33,0.33
crude_2visit,vri,Women,76,6.37,6.69,0.32,0.32
crude_2visit,vri,Women,77,6.15,6.47,0.32,0.32
crude_2visit,vri,Women,78,5.93,6.25,0.32,0.32
crude_2visit,vri,Women,79,5.71,6.02,0.31,0.31
crude_2visit,vri,Women,80,5.48,5.78,0.31,0.31
crude_2visit,vri,Women,81,5.24,5.54,0.30,0.30
crude_2visit,vri,Women,82,5.00,5.29,0.30,0.30
crude_2visit,vri,Women,83,4.75,5.04,0.29,0.29
crude_2visit,vri,Women,84,4.49,4.78,0.29,0.29
crude_2visit,vri,Women,85,4.23,4.52,0.28,0.28
crude_2visit,vri,Women,86,3.97,4.25,0.28,0.28
crude_2visit,vri,Women,87,3.70,3.97,0.27,0.27
crude_2visit,vri,Women,88,3.42,3.69,0.27,0.27
crude_2visit,vri,Women,89,3.14,3.40,0.26,0.26
crude_2visit,vri,Women,90,2.85,3.11,0.26,0.26
crude_2visit,vri,Women,91,2.56,2.81,0.25,0.25
crude_2visit,vri,Women,92,2.26,2.50,0.24,0.24
crude_2visit,vri,Women,93,1.95,2.19,0.24,0.24
crude_2visit,vri,Women,94,1.64,1.87,0.23,0.23
crude_2visit,vri,Women,95,1.33,1.55,0.22,0.22
crude_2visit,vri,Men,50,10.11,10.58,0.48,0.48
crude_2visit,vri,Men,51,10.02,10.49,0.47,0.47
crude_2visit,vri,Men,52,9.94,10.40,0.46,0.46
crude_2visit,vri,Men,53,9.84,10.30,0.45,0.45
crude_2visit,vri,Men,54,9.75,10.19,0.44,0.44
crude_2visit,vri,Men,55,9.65,10.08,0.43,0.43
crude_2visit,vri,Men,56,9.54,9.97,0.42,0.42
crude_2visit,vri,Men,57,9.43,9.85,0.42,0.42
crude_2visit,vri,Men,58,9.32,9.73,0.41,0.41
crude_2visit,vri,Men,59,9.20,9.60,0.40,0.40
crude_2visit,vri,Men,60,9.08,9.47,0.39,0.39
crude_2visit,vri,Men,61,8.95,9.34,0.38,0.38
crude_2visit,vri,Men,62,8.82,9.20,0.37,0.37
crude_2visit,vri,Men,63,8.69,9.06,0.37,0.37
crude_2visit,vri,Men,64,8.55,8.91,0.36,0.36
crude_2visit,vri,Men,65,8.41,8.76,0.35,0.35
crude_2visit,vri,Men,66,8.26,8.60,0.34,0.34
crude_2visit,vri,Men,67,8.10,8.44,0.34,0.34
crude_2visit,vri,Men,68,7.95,8.28,0.33,0.33
crude_2visit,vri,Men,69,7.79,8.11,0.32,0.32
crude_2visit,vri,Men,70,7.62,7.94,0.32,0.32
crude_2visit,vri,Men,71,7.45,7.76,0.31,0.31
crude_2visit,vri,Men,72,7.27,7.58,0.30,0.30
crude_2visit,vri,Men,73,7.10,7.39,0.30,0.30
crude_2visit,vri,Men,74,6.91,7.20,0.29,0.29
crude_2visit,vri,Men,75,6.72,7.01,0.28,0.28
crude_2visit,vri,Men,76,6.53,6.81,0.28,0.28
crude_2visit,vri,Men,77,6.34,6.61,0.27,0.27
crude_2visit,vri,Men,78,6.13,6.40,0.27,0.27
crude_2visit,vri,Men,79,5.93,6.19,0.26,0.26
crude_2visit,vri,Men,80,5.72,5.98,0.26,0.26
crude_2visit,vri,Men,81,5.51,5.76,0.25,0.25
crude_2visit,vri,Men,82,5.29,5.53,0.25,0.25
crude_2visit,vri,Men,83,5.06,5.30,0.24,0.24
crude_2visit,vri,Men,84,4.84,5.07,0.24,0.24
crude_2visit,vri,Men,85,4.61,4.84,0.23,0.23
crude_2visit,vri,Men,86,4.37,4.60,0.23,0.23
crude_2visit,vri,Men,87,4.13,4.35,0.22,0.22
crude_2visit,vri,Men,88,3.88,4.10,0.22,0.22
crude_2visit,vri,Men,89,3.64,3.85,0.21,0.21
crude_2visit,vri,Men,90,3.38,3.59,0.21,0.21
crude_2visit,vri,Men,91,3.12,3.33,0.21,0.21
crude_2visit,vri,Men,92,2.86,3.06,0.20,0.20
crude_2visit,vri,Men,93,2.60,2.79,0.20,0.20
crude_2visit,vri,Men,94,2.32,2.52,0.20,0.20
crude_2visit,vri,Men,95,2.05,2.24,0.19,0.19
crude_2visit,vrr,Women,50,3.46,3.52,0.06,0.06
crude_2visit,vrr,Women,51,3.43,3.50,0.07,0.07
crude_2visit,vrr,Women,52,3.40,3.47,0.07,0.07
crude_2visit,vrr,Women,53,3.37,3.45,0.07,0.07
crude_2visit,vrr,Women,54,3.34,3.42,0.08,0.08
crude_2visit,vrr,Women,55,3.31,3.39,0.08,0.08
crude_2visit,vrr,Women,56,3.27,3.36,0.08,0.08
crude_2visit,vrr,Women,57,3.24,3.32,0.09,0.09
crude_2visit,vrr,Women,58,3.20,3.29,0.09,0.09
crude_2visit,vrr,Women,59,3.16,3.25,0.09,0.09
crude_2visit,vrr,Women,60,3.12,3.21,0.09,0.09
crude_2visit,vrr,Women,61,3.08,3.17,0.10,0.10
crude_2visit,vrr,Women,62,3.03,3.13,0.10,0.10
crude_2visit,vrr,Women,63,2.99,3.09,0.10,0.10
crude_2visit,vrr,Women,64,2.94,3.04,0.10,0.10
crude_2visit,vrr,Women,65,2.89,3.00,0.10,0.10
crude_2visit,vrr,Women,66,2.84,2.95,0.10,0.10
crude_2visit,vrr,Women,67,2.79,2.90,0.11,0.11
crude_2visit,vrr,Women,68,2.74,2.85,0.11,0.11
crude_2visit,vrr,Women,69,2.69,2.80,0.11,0.11
crude_2visit,vrr,Women,70,2.63,2.74,0.11,0.11
crude_2visit,vrr,Women,71,2.58,2.69,0.11,0.11
crude_2visit,vrr,Women,72,2.52,2.63,0.11,0.11
crude_2visit,vrr,Women,73,2.46,2.57,0.11,0.11
crude_2visit,vrr,Women,74,2.40,2.51,0.11,0.11
crude_2visit,vrr,Women,75,2.34,2.45,0.11,0.11
crude_2visit,vrr,Women,76,2.27,2.38,0.11,0.11
crude_2visit,vrr,Women,77,2.21,2.32,0.11,0.11
crude_2visit,vrr,Women,78,2.14,2.25,0.11,0.11
crude_2visit,vrr,Women,79,2.07,2.18,0.11,0.11
crude_2visit,vrr,Women,80,2.00,2.11,0.11,0.11
crude_2visit,vrr,Women,81,1.93,2.04,0.11,0.11
crude_2visit,vrr,Women,82,1.86,1.97,0.11,0.11
crude_2visit,vrr,Women,83,1.78,1.89,0.11,0.11
crude_2visit,vrr,Women,84,1.71,1.81,0.11,0.11
crude_2visit,vrr,Women,85,1.63,1.74,0.10,0.10
crude_2visit,vrr,Women,86,1.55,1.66,0.10,0.10
crude_2visit,vrr,Women,87,1.47,1.57,0.10,0.10
crude_2visit,vrr,Women,88,1.39,1.49,0.10,0.10
crude_2visit,vrr,Women,89,1.31,1.41,0.10,0.10
crude_2visit,vrr,Women,90,1.22,1.32,0.10,0.10
crude_2visit,vrr,Women,91,1.14,1.23,0.09,0.09
crude_2visit,vrr,Women,92,1.05,1.14,0.09,0.09
crude_2visit,vrr,Women,93,0.96,1.05,0.09,0.09
crude_2visit,vrr,Women,94,0.87,0.96,0.09,0.09
crude_2visit,vrr,Women,95,0.78,0.86,0.08,0.08
crude_2visit,vrr,Men,50,3.36,3.61,0.24,0.24
crude_2visit,vrr,Men,51,3.34,3.58,0.24,0.24
crude_2visit,vrr,Men,52,3.31,3.55,0.24,0.24
crude_2visit,vrr,Men,53,3.28,3.52,0.23,0.23
crude_2visit,vrr,Men,54,3.25,3.48,0.23,0.23
crude_2visit,vrr,Men,55,3.22,3.45,0.22,0.22
crude_2visit,vrr,Men,56,3.19,3.41,0.22,0.22
crude_2visit,vrr,Men,57,3.16,3.38,0.21,0.21
crude_2visit,vrr,Men,58,3.13,3.34,0.21,0.21
crude_2visit,vrr,Men,59,3.10,3.30,0.20,0.20
crude_2visit,vrr,Men,60,3.06,3.26,0.20,0.20
crude_2visit,vrr,Men,61,3.03,3.22,0.19,0.19
crude_2visit,vrr,Men,62,2.99,3.18,0.19,0.19
crude_2visit,vrr,Men,63,2.95,3.13,0.18,0.18
crude_2visit,vrr,Men,64,2.92,3.09,0.17,0.17
crude_2visit,vrr,Men,65,2.88,3.04,0.17,0.17
crude_2visit,vrr,Men,66,2.84,3.00,0.16,0.16
crude_2visit,vrr,Men,67,2.80,2.95,0.15,0.15
crude_2visit,vrr,Men,68,2.75,2.90,0.15,0.15
crude_2visit,vrr,Men,69,2.71,2.85,0.14,0.14
crude_2visit,vrr,Men,70,2.67,2.80,0.13,0.13
crude_2visit,vrr,Men,71,2.62,2.74,0.12,0.12
crude_2visit,vrr,Men,72,2.58,2.69,0.11,0.11
crude_2visit,vrr,Men,73,2.53,2.64,0.10,0.10
crude_2visit,vrr,Men,74,2.48,2.58,0.10,0.10
crude_2visit,vrr,Men,75,2.44,2.52,0.09,0.09
crude_2visit,vrr,Men,76,2.39,2.46,0.08,0.08
crude_2visit,vrr,Men,77,2.34,2.40,0.07,0.07
crude_2visit,vrr,Men,78,2.28,2.34,0.06,0.06
crude_2visit,vrr,Men,79,2.23,2.28,0.05,0.05
crude_2visit,vrr,Men,80,2.18,2.22,0.04,0.04
crude_2visit,vrr,Men,81,2.12,2.15,0.03,0.03
crude_2visit,vrr,Men,82,2.07,2.09,0.02,0.02
crude_2visit,vrr,Men,83,2.01,2.02,0.01,0.01
crude_2visit,vrr,Men,84,1.96,1.95,0.00,0.00
crude_2visit,vrr,Men,85,1.90,1.88,-0.02,0.00
crude_2visit,vrr,Men,86,1.84,1.81,-0.03,0.00
crude_2visit,vrr,Men,87,1.78,1.74,-0.04,0.00
crude_2visit,vrr,Men,88,1.72,1.67,-0.05,0.00
crude_2visit,vrr,Men,89,1.66,1.60,-0.06,0.00
crude_2visit,vrr,Men,90,1.60,1.52,-0.07,0.00
crude_2visit,vrr,Men,91,1.53,1.44,-0.09,0.00
crude_2visit,vrr,Men,92,1.47,1.37,-0.10,0.00
crude_2visit,vrr,Men,93,1.40,1.29,-0.11,0.00
crude_2visit,vrr,Men,94,1.34,1.21,-0.13,0.00
crude_2visit,vrr,Men,95,1.27,1.13,-0.14,0.00